{
  "name": "Jane Smith",
  "title": "Creative Designer",
  "description": "Sed commodo, est quis maximus fermentum, massa ipsum euismod neque, in varius risus tellus quis lacus. Sed ac bibendum odio.",
  "thumbnail": "jane-smith.png",
  "social": [
    {
      "name": "Github",
      "url": "https://github.com/github"
    },
    {
      "name": "Twitter",
      "url": "https://twitter.com/twitter"
    },
    {
      "name": "Website",
      "url": "https://example.com"
    }
  ],
  "skills": ["UI/UX", "Javascript", "Graphic Design"]
}
