{
  "name": "John Doe",
  "title": "Anthropologist",
  "description": "Sed commodo, est quis maximus fermentum, massa ipsum euismod neque, in varius risus tellus quis lacus. Sed ac bibendum odio.",
  "thumbnail": "john-doe.png",
  "social": [
    {
      "name": "Github",
      "url": "https://github.com/johndoe"
    },
    {
      "name": "Twitter",
      "url": "https://twitter.com/twitter"
    },
    {
      "name": "Website",
      "url": "https://example.com"
    }
  ],
  "skills": ["Early Hominids", "Biology", "Anthropology"]
}
